PassengerId,Pclass,Sex,Age,Fare,Family,Is_Alone,Have_Age,Have_Cabin,Emb_C,Emb_Q,Emb_S,Title_Aristocratic.,Title_Master.,Title_Miss.,Title_Mr.,Title_Mrs.,Survived
1,3,0,22.0,7.25,1,0,1,0,0,0,1,0,0,0,1,0,0
2,1,1,38.0,71.2833,1,0,1,1,1,0,0,0,0,0,0,1,1
3,3,1,26.0,7.925,0,1,1,0,0,0,1,0,0,1,0,0,1
4,1,1,35.0,53.1,1,0,1,1,0,0,1,0,0,0,0,1,1
5,3,0,35.0,8.05,0,1,1,0,0,0,1,0,0,0,1,0,0
6,3,0,30.0,8.4583,0,1,0,0,0,1,0,0,0,0,1,0,0
7,1,0,54.0,51.8625,0,1,1,1,0,0,1,0,0,0,1,0,0
8,3,0,2.0,21.075,4,0,1,0,0,0,1,0,1,0,0,0,0
9,3,1,27.0,11.1333,2,0,1,0,0,0,1,0,0,0,0,1,1
10,2,1,14.0,30.0708,1,0,1,0,1,0,0,0,0,0,0,1,1
11,3,1,4.0,16.7,2,0,1,1,0,0,1,0,0,1,0,0,1
12,1,1,58.0,26.55,0,1,1,1,0,0,1,0,0,1,0,0,1
13,3,0,20.0,8.05,0,1,1,0,0,0,1,0,0,0,1,0,0
14,3,0,39.0,31.275,6,0,1,0,0,0,1,0,0,0,1,0,0
15,3,1,14.0,7.8542,0,1,1,0,0,0,1,0,0,1,0,0,0
16,2,1,55.0,16.0,0,1,1,0,0,0,1,0,0,0,0,1,1
17,3,0,2.0,29.125,5,0,1,0,0,1,0,0,1,0,0,0,0
18,2,0,30.0,13.0,0,1,0,0,0,0,1,0,0,0,1,0,1
19,3,1,31.0,18.0,1,0,1,0,0,0,1,0,0,0,0,1,0
20,3,1,35.0,7.225,0,1,0,0,1,0,0,0,0,0,0,1,1
21,2,0,35.0,26.0,0,1,1,0,0,0,1,0,0,0,1,0,0
22,2,0,34.0,13.0,0,1,1,1,0,0,1,0,0,0,1,0,1
23,3,1,15.0,8.0292,0,1,1,0,0,1,0,0,0,1,0,0,1
24,1,0,28.0,35.5,0,1,1,1,0,0,1,0,0,0,1,0,1
25,3,1,8.0,21.075,4,0,1,0,0,0,1,0,0,1,0,0,0
26,3,1,38.0,31.3875,6,0,1,0,0,0,1,0,0,0,0,1,1
27,3,0,30.0,7.225,0,1,0,0,1,0,0,0,0,0,1,0,0
28,1,0,19.0,263.0,5,0,1,1,0,0,1,0,0,0,1,0,0
29,3,1,21.0,7.8792,0,1,0,0,0,1,0,0,0,1,0,0,1
30,3,0,30.0,7.8958,0,1,0,0,0,0,1,0,0,0,1,0,0
31,1,0,40.0,27.7208,0,1,1,0,1,0,0,1,0,0,0,0,0
32,1,1,35.0,146.5208,1,0,0,1,1,0,0,0,0,0,0,1,1
33,3,1,21.0,7.75,0,1,0,0,0,1,0,0,0,1,0,0,1
34,2,0,66.0,10.5,0,1,1,0,0,0,1,0,0,0,1,0,0
35,1,0,28.0,82.1708,1,0,1,0,1,0,0,0,0,0,1,0,0
36,1,0,42.0,52.0,1,0,1,0,0,0,1,0,0,0,1,0,0
37,3,0,30.0,7.2292,0,1,0,0,1,0,0,0,0,0,1,0,1
38,3,0,21.0,8.05,0,1,1,0,0,0,1,0,0,0,1,0,0
39,3,1,18.0,18.0,2,0,1,0,0,0,1,0,0,1,0,0,0
40,3,1,14.0,11.2417,1,0,1,0,1,0,0,0,0,1,0,0,1
41,3,1,40.0,9.475,1,0,1,0,0,0,1,0,0,0,0,1,0
42,2,1,27.0,21.0,1,0,1,0,0,0,1,0,0,0,0,1,0
43,3,0,30.0,7.8958,0,1,0,0,1,0,0,0,0,0,1,0,0
44,2,1,3.0,41.5792,3,0,1,0,1,0,0,0,0,1,0,0,1
45,3,1,19.0,7.8792,0,1,1,0,0,1,0,0,0,1,0,0,1
46,3,0,30.0,8.05,0,1,0,0,0,0,1,0,0,0,1,0,0
47,3,0,30.0,15.5,1,0,0,0,0,1,0,0,0,0,1,0,0
48,3,1,21.0,7.75,0,1,0,0,0,1,0,0,0,1,0,0,1
49,3,0,30.0,21.6792,2,0,0,0,1,0,0,0,0,0,1,0,0
50,3,1,18.0,17.8,1,0,1,0,0,0,1,0,0,0,0,1,0
51,3,0,7.0,39.6875,5,0,1,0,0,0,1,0,1,0,0,0,0
52,3,0,21.0,7.8,0,1,1,0,0,0,1,0,0,0,1,0,0
53,1,1,49.0,76.7292,1,0,1,1,1,0,0,0,0,0,0,1,1
54,2,1,29.0,26.0,1,0,1,0,0,0,1,0,0,0,0,1,1
55,1,0,65.0,61.9792,1,0,1,1,1,0,0,0,0,0,1,0,0
56,1,0,30.0,35.5,0,1,0,1,0,0,1,0,0,0,1,0,1
57,2,1,21.0,10.5,0,1,1,0,0,0,1,0,0,1,0,0,1
58,3,0,28.5,7.2292,0,1,1,0,1,0,0,0,0,0,1,0,0
59,2,1,5.0,27.75,3,0,1,0,0,0,1,0,0,1,0,0,1
60,3,0,11.0,46.9,7,0,1,0,0,0,1,0,1,0,0,0,0
61,3,0,22.0,7.2292,0,1,1,0,1,0,0,0,0,0,1,0,0
62,1,1,38.0,80.0,0,1,1,1,0,0,1,0,0,1,0,0,1
63,1,0,45.0,83.475,1,0,1,1,0,0,1,0,0,0,1,0,0
64,3,0,4.0,27.9,5,0,1,0,0,0,1,0,1,0,0,0,0
65,1,0,30.0,27.7208,0,1,0,0,1,0,0,0,0,0,1,0,0
66,3,0,3.5,15.2458,2,0,0,0,1,0,0,0,1,0,0,0,1
67,2,1,29.0,10.5,0,1,1,1,0,0,1,0,0,0,0,1,1
68,3,0,19.0,8.1583,0,1,1,0,0,0,1,0,0,0,1,0,0
69,3,1,17.0,7.925,6,0,1,0,0,0,1,0,0,1,0,0,1
70,3,0,26.0,8.6625,2,0,1,0,0,0,1,0,0,0,1,0,0
71,2,0,32.0,10.5,0,1,1,0,0,0,1,0,0,0,1,0,0
72,3,1,16.0,46.9,7,0,1,0,0,0,1,0,0,1,0,0,0
73,2,0,21.0,73.5,0,1,1,0,0,0,1,0,0,0,1,0,0
74,3,0,26.0,14.4542,1,0,1,0,1,0,0,0,0,0,1,0,0
75,3,0,32.0,56.4958,0,1,1,0,0,0,1,0,0,0,1,0,1
76,3,0,25.0,7.65,0,1,1,1,0,0,1,0,0,0,1,0,0
77,3,0,30.0,7.8958,0,1,0,0,0,0,1,0,0,0,1,0,0
78,3,0,30.0,8.05,0,1,0,0,0,0,1,0,0,0,1,0,0
79,2,0,0.83,29.0,2,0,1,0,0,0,1,0,1,0,0,0,1
80,3,1,30.0,12.475,0,1,1,0,0,0,1,0,0,1,0,0,1
81,3,0,22.0,9.0,0,1,1,0,0,0,1,0,0,0,1,0,0
82,3,0,29.0,9.5,0,1,1,0,0,0,1,0,0,0,1,0,1
83,3,1,21.0,7.7875,0,1,0,0,0,1,0,0,0,1,0,0,1
84,1,0,28.0,47.1,0,1,1,0,0,0,1,0,0,0,1,0,0
85,2,1,17.0,10.5,0,1,1,0,0,0,1,0,0,1,0,0,1
86,3,1,33.0,15.85,3,0,1,0,0,0,1,0,0,0,0,1,1
87,3,0,16.0,34.375,4,0,1,0,0,0,1,0,0,0,1,0,0
88,3,0,30.0,8.05,0,1,0,0,0,0,1,0,0,0,1,0,0
89,1,1,23.0,263.0,5,0,1,1,0,0,1,0,0,1,0,0,1
90,3,0,24.0,8.05,0,1,1,0,0,0,1,0,0,0,1,0,0
91,3,0,29.0,8.05,0,1,1,0,0,0,1,0,0,0,1,0,0
92,3,0,20.0,7.8542,0,1,1,0,0,0,1,0,0,0,1,0,0
93,1,0,46.0,61.175,1,0,1,1,0,0,1,0,0,0,1,0,0
94,3,0,26.0,20.575,3,0,1,0,0,0,1,0,0,0,1,0,0
95,3,0,59.0,7.25,0,1,1,0,0,0,1,0,0,0,1,0,0
96,3,0,30.0,8.05,0,1,0,0,0,0,1,0,0,0,1,0,0
97,1,0,71.0,34.6542,0,1,1,1,1,0,0,0,0,0,1,0,0
98,1,0,23.0,63.3583,1,0,1,1,1,0,0,0,0,0,1,0,1
99,2,1,34.0,23.0,1,0,1,0,0,0,1,0,0,0,0,1,1
100,2,0,34.0,26.0,1,0,1,0,0,0,1,0,0,0,1,0,0
101,3,1,28.0,7.8958,0,1,1,0,0,0,1,0,0,1,0,0,0
102,3,0,30.0,7.8958,0,1,0,0,0,0,1,0,0,0,1,0,0
103,1,0,21.0,77.2875,1,0,1,1,0,0,1,0,0,0,1,0,0
104,3,0,33.0,8.6542,0,1,1,0,0,0,1,0,0,0,1,0,0
105,3,0,37.0,7.925,2,0,1,0,0,0,1,0,0,0,1,0,0
106,3,0,28.0,7.8958,0,1,1,0,0,0,1,0,0,0,1,0,0
107,3,1,21.0,7.65,0,1,1,0,0,0,1,0,0,1,0,0,1
108,3,0,30.0,7.775,0,1,0,0,0,0,1,0,0,0,1,0,1
109,3,0,38.0,7.8958,0,1,1,0,0,0,1,0,0,0,1,0,0
110,3,1,21.0,24.15,1,0,0,0,0,1,0,0,0,1,0,0,1
111,1,0,47.0,52.0,0,1,1,1,0,0,1,0,0,0,1,0,0
112,3,1,14.5,14.4542,1,0,1,0,1,0,0,0,0,1,0,0,0
113,3,0,22.0,8.05,0,1,1,0,0,0,1,0,0,0,1,0,0
114,3,1,20.0,9.825,1,0,1,0,0,0,1,0,0,1,0,0,0
115,3,1,17.0,14.4583,0,1,1,0,1,0,0,0,0,1,0,0,0
116,3,0,21.0,7.925,0,1,1,0,0,0,1,0,0,0,1,0,0
117,3,0,70.5,7.75,0,1,1,0,0,1,0,0,0,0,1,0,0
118,2,0,29.0,21.0,1,0,1,0,0,0,1,0,0,0,1,0,0
119,1,0,24.0,247.5208,1,0,1,1,1,0,0,0,0,0,1,0,0
120,3,1,2.0,31.275,6,0,1,0,0,0,1,0,0,1,0,0,0
121,2,0,21.0,73.5,2,0,1,0,0,0,1,0,0,0,1,0,0
122,3,0,30.0,8.05,0,1,0,0,0,0,1,0,0,0,1,0,0
123,2,0,32.5,30.0708,1,0,1,0,1,0,0,0,0,0,1,0,0
124,2,1,32.5,13.0,0,1,1,1,0,0,1,0,0,1,0,0,1
125,1,0,54.0,77.2875,1,0,1,1,0,0,1,0,0,0,1,0,0
126,3,0,12.0,11.2417,1,0,1,0,1,0,0,0,1,0,0,0,1
127,3,0,30.0,7.75,0,1,0,0,0,1,0,0,0,0,1,0,0
128,3,0,24.0,7.1417,0,1,1,0,0,0,1,0,0,0,1,0,1
129,3,1,21.0,22.3583,2,0,0,1,1,0,0,0,0,1,0,0,1
130,3,0,45.0,6.975,0,1,1,0,0,0,1,0,0,0,1,0,0
131,3,0,33.0,7.8958,0,1,1,0,1,0,0,0,0,0,1,0,0
132,3,0,20.0,7.05,0,1,1,0,0,0,1,0,0,0,1,0,0
133,3,1,47.0,14.5,1,0,1,0,0,0,1,0,0,0,0,1,0
134,2,1,29.0,26.0,1,0,1,0,0,0,1,0,0,0,0,1,1
135,2,0,25.0,13.0,0,1,1,0,0,0,1,0,0,0,1,0,0
136,2,0,23.0,15.0458,0,1,1,0,1,0,0,0,0,0,1,0,0
137,1,1,19.0,26.2833,2,0,1,1,0,0,1,0,0,1,0,0,1
138,1,0,37.0,53.1,1,0,1,1,0,0,1,0,0,0,1,0,0
139,3,0,16.0,9.2167,0,1,1,0,0,0,1,0,0,0,1,0,0
140,1,0,24.0,79.2,0,1,1,1,1,0,0,0,0,0,1,0,0
141,3,1,35.0,15.2458,2,0,0,0,1,0,0,0,0,0,0,1,0
142,3,1,22.0,7.75,0,1,1,0,0,0,1,0,0,1,0,0,1
143,3,1,24.0,15.85,1,0,1,0,0,0,1,0,0,0,0,1,1
144,3,0,19.0,6.75,0,1,1,0,0,1,0,0,0,0,1,0,0
145,2,0,18.0,11.5,0,1,1,0,0,0,1,0,0,0,1,0,0
146,2,0,19.0,36.75,2,0,1,0,0,0,1,0,0,0,1,0,0
147,3,0,27.0,7.7958,0,1,1,0,0,0,1,0,0,0,1,0,1
148,3,1,9.0,34.375,4,0,1,0,0,0,1,0,0,1,0,0,0
149,2,0,36.5,26.0,2,0,1,1,0,0,1,0,0,0,1,0,0
150,2,0,42.0,13.0,0,1,1,0,0,0,1,1,0,0,0,0,0
151,2,0,51.0,12.525,0,1,1,0,0,0,1,1,0,0,0,0,0
152,1,1,22.0,66.6,1,0,1,1,0,0,1,0,0,0,0,1,1
153,3,0,55.5,8.05,0,1,1,0,0,0,1,0,0,0,1,0,0
154,3,0,40.5,14.5,2,0,1,0,0,0,1,0,0,0,1,0,0
155,3,0,30.0,7.3125,0,1,0,0,0,0,1,0,0,0,1,0,0
156,1,0,51.0,61.3792,1,0,1,0,1,0,0,0,0,0,1,0,0
157,3,1,16.0,7.7333,0,1,1,0,0,1,0,0,0,1,0,0,1
158,3,0,30.0,8.05,0,1,1,0,0,0,1,0,0,0,1,0,0
159,3,0,30.0,8.6625,0,1,0,0,0,0,1,0,0,0,1,0,0
160,3,0,3.5,69.55,10,0,0,0,0,0,1,0,1,0,0,0,0
161,3,0,44.0,16.1,1,0,1,0,0,0,1,0,0,0,1,0,0
162,2,1,40.0,15.75,0,1,1,0,0,0,1,0,0,0,0,1,1
163,3,0,26.0,7.775,0,1,1,0,0,0,1,0,0,0,1,0,0
164,3,0,17.0,8.6625,0,1,1,0,0,0,1,0,0,0,1,0,0
165,3,0,1.0,39.6875,5,0,1,0,0,0,1,0,1,0,0,0,0
166,3,0,9.0,20.525,2,0,1,0,0,0,1,0,1,0,0,0,1
167,1,1,35.0,55.0,1,0,0,1,0,0,1,0,0,0,0,1,1
168,3,1,45.0,27.9,5,0,1,0,0,0,1,0,0,0,0,1,0
169,1,0,30.0,25.925,0,1,0,0,0,0,1,0,0,0,1,0,0
170,3,0,28.0,56.4958,0,1,1,0,0,0,1,0,0,0,1,0,0
171,1,0,61.0,33.5,0,1,1,1,0,0,1,0,0,0,1,0,0
172,3,0,4.0,29.125,5,0,1,0,0,1,0,0,1,0,0,0,0
173,3,1,1.0,11.1333,2,0,1,0,0,0,1,0,0,1,0,0,1
174,3,0,21.0,7.925,0,1,1,0,0,0,1,0,0,0,1,0,0
175,1,0,56.0,30.6958,0,1,1,1,1,0,0,0,0,0,1,0,0
176,3,0,18.0,7.8542,2,0,1,0,0,0,1,0,0,0,1,0,0
177,3,0,3.5,25.4667,4,0,0,0,0,0,1,0,1,0,0,0,0
178,1,1,50.0,28.7125,0,1,1,1,1,0,0,0,0,1,0,0,0
179,2,0,30.0,13.0,0,1,1,0,0,0,1,0,0,0,1,0,0
180,3,0,36.0,8.05,0,1,1,0,0,0,1,0,0,0,1,0,0
181,3,1,21.0,69.55,10,0,0,0,0,0,1,0,0,1,0,0,0
182,2,0,30.0,15.05,0,1,0,0,1,0,0,0,0,0,1,0,0
183,3,0,9.0,31.3875,6,0,1,0,0,0,1,0,1,0,0,0,0
184,2,0,1.0,39.0,3,0,1,1,0,0,1,0,1,0,0,0,1
185,3,1,4.0,22.025,2,0,1,0,0,0,1,0,0,1,0,0,1
186,1,0,30.0,50.0,0,1,0,1,0,0,1,0,0,0,1,0,0
187,3,1,35.0,15.5,1,0,0,0,0,1,0,0,0,0,0,1,1
188,1,0,45.0,26.55,0,1,1,0,0,0,1,0,0,0,1,0,1
189,3,0,40.0,15.5,2,0,1,0,0,1,0,0,0,0,1,0,0
190,3,0,36.0,7.8958,0,1,1,0,0,0,1,0,0,0,1,0,0
191,2,1,32.0,13.0,0,1,1,0,0,0,1,0,0,0,0,1,1
192,2,0,19.0,13.0,0,1,1,0,0,0,1,0,0,0,1,0,0
193,3,1,19.0,7.8542,1,0,1,0,0,0,1,0,0,1,0,0,1
194,2,0,3.0,26.0,2,0,1,1,0,0,1,0,1,0,0,0,1
195,1,1,44.0,27.7208,0,1,1,1,1,0,0,0,0,0,0,1,1
196,1,1,58.0,146.5208,0,1,1,1,1,0,0,0,0,1,0,0,1
197,3,0,30.0,7.75,0,1,0,0,0,1,0,0,0,0,1,0,0
198,3,0,42.0,8.4042,1,0,1,0,0,0,1,0,0,0,1,0,0
199,3,1,21.0,7.75,0,1,0,0,0,1,0,0,0,1,0,0,1
200,2,1,24.0,13.0,0,1,1,0,0,0,1,0,0,1,0,0,0
201,3,0,28.0,9.5,0,1,1,0,0,0,1,0,0,0,1,0,0
202,3,0,30.0,69.55,10,0,0,0,0,0,1,0,0,0,1,0,0
203,3,0,34.0,6.4958,0,1,1,0,0,0,1,0,0,0,1,0,0
204,3,0,45.5,7.225,0,1,1,0,1,0,0,0,0,0,1,0,0
205,3,0,18.0,8.05,0,1,1,0,0,0,1,0,0,0,1,0,1
206,3,1,2.0,10.4625,1,0,1,1,0,0,1,0,0,1,0,0,0
207,3,0,32.0,15.85,1,0,1,0,0,0,1,0,0,0,1,0,0
208,3,0,26.0,18.7875,0,1,1,0,1,0,0,0,0,0,1,0,1
209,3,1,16.0,7.75,0,1,1,0,0,1,0,0,0,1,0,0,1
210,1,0,40.0,31.0,0,1,1,1,1,0,0,0,0,0,1,0,1
211,3,0,24.0,7.05,0,1,1,0,0,0,1,0,0,0,1,0,0
212,2,1,35.0,21.0,0,1,1,0,0,0,1,0,0,1,0,0,1
213,3,0,22.0,7.25,0,1,1,0,0,0,1,0,0,0,1,0,0
214,2,0,30.0,13.0,0,1,1,0,0,0,1,0,0,0,1,0,0
215,3,0,30.0,7.75,1,0,0,0,0,1,0,0,0,0,1,0,0
216,1,1,31.0,113.275,1,0,1,1,1,0,0,0,0,1,0,0,1
217,3,1,27.0,7.925,0,1,1,0,0,0,1,0,0,1,0,0,1
218,2,0,42.0,27.0,1,0,1,0,0,0,1,0,0,0,1,0,0
219,1,1,32.0,76.2917,0,1,1,1,1,0,0,0,0,1,0,0,1
220,2,0,30.0,10.5,0,1,1,0,0,0,1,0,0,0,1,0,0
221,3,0,16.0,8.05,0,1,1,0,0,0,1,0,0,0,1,0,1
222,2,0,27.0,13.0,0,1,1,0,0,0,1,0,0,0,1,0,0
223,3,0,51.0,8.05,0,1,1,0,0,0,1,0,0,0,1,0,0
224,3,0,30.0,7.8958,0,1,0,0,0,0,1,0,0,0,1,0,0
225,1,0,38.0,90.0,1,0,1,1,0,0,1,0,0,0,1,0,1
226,3,0,22.0,9.35,0,1,1,0,0,0,1,0,0,0,1,0,0
227,2,0,19.0,10.5,0,1,1,0,0,0,1,0,0,0,1,0,1
228,3,0,20.5,7.25,0,1,1,0,0,0,1,0,0,0,1,0,0
229,2,0,18.0,13.0,0,1,1,0,0,0,1,0,0,0,1,0,0
230,3,1,21.0,25.4667,4,0,0,0,0,0,1,0,0,1,0,0,0
231,1,1,35.0,83.475,1,0,1,1,0,0,1,0,0,0,0,1,1
232,3,0,29.0,7.775,0,1,1,0,0,0,1,0,0,0,1,0,0
233,2,0,59.0,13.5,0,1,1,0,0,0,1,0,0,0,1,0,0
234,3,1,5.0,31.3875,6,0,1,0,0,0,1,0,0,1,0,0,1
235,2,0,24.0,10.5,0,1,1,0,0,0,1,0,0,0,1,0,0
236,3,1,21.0,7.55,0,1,0,0,0,0,1,0,0,1,0,0,0
237,2,0,44.0,26.0,1,0,1,0,0,0,1,0,0,0,1,0,0
238,2,1,8.0,26.25,2,0,1,0,0,0,1,0,0,1,0,0,1
239,2,0,19.0,10.5,0,1,1,0,0,0,1,0,0,0,1,0,0
240,2,0,33.0,12.275,0,1,1,0,0,0,1,0,0,0,1,0,0
241,3,1,21.0,14.4542,1,0,0,0,1,0,0,0,0,1,0,0,0
242,3,1,21.0,15.5,1,0,0,0,0,1,0,0,0,1,0,0,1
243,2,0,29.0,10.5,0,1,1,0,0,0,1,0,0,0,1,0,0
244,3,0,22.0,7.125,0,1,1,0,0,0,1,0,0,0,1,0,0
245,3,0,30.0,7.225,0,1,1,0,1,0,0,0,0,0,1,0,0
246,1,0,44.0,90.0,2,0,1,1,0,1,0,1,0,0,0,0,0
247,3,1,25.0,7.775,0,1,1,0,0,0,1,0,0,1,0,0,0
248,2,1,24.0,14.5,2,0,1,0,0,0,1,0,0,0,0,1,1
249,1,0,37.0,52.5542,2,0,1,1,0,0,1,0,0,0,1,0,1
250,2,0,54.0,26.0,1,0,1,0,0,0,1,1,0,0,0,0,0
251,3,0,30.0,7.25,0,1,0,0,0,0,1,0,0,0,1,0,0
252,3,1,29.0,10.4625,2,0,1,1,0,0,1,0,0,0,0,1,0
253,1,0,62.0,26.55,0,1,1,1,0,0,1,0,0,0,1,0,0
254,3,0,30.0,16.1,1,0,1,0,0,0,1,0,0,0,1,0,0
255,3,1,41.0,20.2125,2,0,1,0,0,0,1,0,0,0,0,1,0
256,3,1,29.0,15.2458,2,0,1,0,1,0,0,0,0,0,0,1,1
257,1,1,35.0,79.2,0,1,0,0,1,0,0,0,0,0,0,1,1
258,1,1,30.0,86.5,0,1,1,1,0,0,1,0,0,1,0,0,1
259,1,1,35.0,512.3292,0,1,1,0,1,0,0,0,0,1,0,0,1
260,2,1,50.0,26.0,1,0,1,0,0,0,1,0,0,0,0,1,1
261,3,0,30.0,7.75,0,1,0,0,0,1,0,0,0,0,1,0,0
262,3,0,3.0,31.3875,6,0,1,0,0,0,1,0,1,0,0,0,1
263,1,0,52.0,79.65,2,0,1,1,0,0,1,0,0,0,1,0,0
264,1,0,40.0,60.287499999999994,0,1,1,1,0,0,1,0,0,0,1,0,0
265,3,1,21.0,7.75,0,1,0,0,0,1,0,0,0,1,0,0,0
266,2,0,36.0,10.5,0,1,1,0,0,0,1,0,0,0,1,0,0
267,3,0,16.0,39.6875,5,0,1,0,0,0,1,0,0,0,1,0,0
268,3,0,25.0,7.775,1,0,1,0,0,0,1,0,0,0,1,0,1
269,1,1,58.0,153.4625,1,0,1,1,0,0,1,0,0,0,0,1,1
270,1,1,35.0,135.6333,0,1,1,1,0,0,1,0,0,1,0,0,1
271,1,0,30.0,31.0,0,1,0,0,0,0,1,0,0,0,1,0,0
272,3,0,25.0,8.05,0,1,1,0,0,0,1,0,0,0,1,0,1
273,2,1,41.0,19.5,1,0,1,0,0,0,1,0,0,0,0,1,1
274,1,0,37.0,29.7,1,0,1,1,1,0,0,0,0,0,1,0,0
275,3,1,21.0,7.75,0,1,0,0,0,1,0,0,0,1,0,0,1
276,1,1,63.0,77.9583,1,0,1,1,0,0,1,0,0,1,0,0,1
277,3,1,45.0,7.75,0,1,1,0,0,0,1,0,0,1,0,0,0
278,2,0,30.0,14.25,0,1,0,0,0,0,1,0,0,0,1,0,0
279,3,0,7.0,29.125,5,0,1,0,0,1,0,0,1,0,0,0,0
280,3,1,35.0,20.25,2,0,1,0,0,0,1,0,0,0,0,1,1
281,3,0,65.0,7.75,0,1,1,0,0,1,0,0,0,0,1,0,0
282,3,0,28.0,7.8542,0,1,1,0,0,0,1,0,0,0,1,0,0
283,3,0,16.0,9.5,0,1,1,0,0,0,1,0,0,0,1,0,0
284,3,0,19.0,8.05,0,1,1,0,0,0,1,0,0,0,1,0,1
285,1,0,30.0,26.0,0,1,0,1,0,0,1,0,0,0,1,0,0
286,3,0,33.0,8.6625,0,1,1,0,1,0,0,0,0,0,1,0,0
287,3,0,30.0,9.5,0,1,1,0,0,0,1,0,0,0,1,0,1
288,3,0,22.0,7.8958,0,1,1,0,0,0,1,0,0,0,1,0,0
289,2,0,42.0,13.0,0,1,1,0,0,0,1,0,0,0,1,0,1
290,3,1,22.0,7.75,0,1,1,0,0,1,0,0,0,1,0,0,1
291,1,1,26.0,78.85,0,1,1,0,0,0,1,0,0,1,0,0,1
292,1,1,19.0,91.0792,1,0,1,1,1,0,0,0,0,0,0,1,1
293,2,0,36.0,12.875,0,1,1,1,1,0,0,0,0,0,1,0,0
294,3,1,24.0,8.85,0,1,1,0,0,0,1,0,0,1,0,0,0
295,3,0,24.0,7.8958,0,1,1,0,0,0,1,0,0,0,1,0,0
296,1,0,30.0,27.7208,0,1,0,0,1,0,0,0,0,0,1,0,0
297,3,0,23.5,7.2292,0,1,1,0,1,0,0,0,0,0,1,0,0
298,1,1,2.0,151.55,3,0,1,1,0,0,1,0,0,1,0,0,0
299,1,0,30.0,30.5,0,1,0,1,0,0,1,0,0,0,1,0,1
300,1,1,50.0,247.5208,1,0,1,1,1,0,0,0,0,0,0,1,1
301,3,1,21.0,7.75,0,1,0,0,0,1,0,0,0,1,0,0,1
302,3,0,30.0,23.25,2,0,0,0,0,1,0,0,0,0,1,0,1
303,3,0,19.0,8.05,0,1,1,0,0,0,1,0,0,0,1,0,0
304,2,1,21.0,12.35,0,1,0,1,0,1,0,0,0,1,0,0,1
305,3,0,30.0,8.05,0,1,0,0,0,0,1,0,0,0,1,0,0
306,1,0,0.92,151.55,3,0,1,1,0,0,1,0,1,0,0,0,1
307,1,1,21.0,110.8833,0,1,0,0,1,0,0,0,0,1,0,0,1
308,1,1,17.0,108.9,1,0,1,1,1,0,0,0,0,0,0,1,1
309,2,0,30.0,24.0,1,0,1,0,1,0,0,0,0,0,1,0,0
310,1,1,30.0,56.9292,0,1,1,1,1,0,0,0,0,1,0,0,1
311,1,1,24.0,83.1583,0,1,1,1,1,0,0,0,0,1,0,0,1
312,1,1,18.0,262.375,4,0,1,1,1,0,0,0,0,1,0,0,1
313,2,1,26.0,26.0,2,0,1,0,0,0,1,0,0,0,0,1,0
314,3,0,28.0,7.8958,0,1,1,0,0,0,1,0,0,0,1,0,0
315,2,0,43.0,26.25,2,0,1,0,0,0,1,0,0,0,1,0,0
316,3,1,26.0,7.8542,0,1,1,0,0,0,1,0,0,1,0,0,1
317,2,1,24.0,26.0,1,0,1,0,0,0,1,0,0,0,0,1,1
318,2,0,54.0,14.0,0,1,1,0,0,0,1,1,0,0,0,0,0
319,1,1,31.0,164.8667,2,0,1,1,0,0,1,0,0,1,0,0,1
320,1,1,40.0,134.5,2,0,1,1,1,0,0,0,0,0,0,1,1
321,3,0,22.0,7.25,0,1,1,0,0,0,1,0,0,0,1,0,0
322,3,0,27.0,7.8958,0,1,1,0,0,0,1,0,0,0,1,0,0
323,2,1,30.0,12.35,0,1,1,0,0,1,0,0,0,1,0,0,1
324,2,1,22.0,29.0,2,0,1,0,0,0,1,0,0,0,0,1,1
325,3,0,30.0,69.55,10,0,0,0,0,0,1,0,0,0,1,0,0
326,1,1,36.0,135.6333,0,1,1,1,1,0,0,0,0,1,0,0,1
327,3,0,61.0,6.2375,0,1,1,0,0,0,1,0,0,0,1,0,0
328,2,1,36.0,13.0,0,1,1,1,0,0,1,0,0,0,0,1,1
329,3,1,31.0,20.525,2,0,1,0,0,0,1,0,0,0,0,1,1
330,1,1,16.0,57.9792,1,0,1,1,1,0,0,0,0,1,0,0,1
331,3,1,21.0,23.25,2,0,0,0,0,1,0,0,0,1,0,0,1
332,1,0,45.5,28.5,0,1,1,1,0,0,1,0,0,0,1,0,0
333,1,0,38.0,153.4625,1,0,1,1,0,0,1,0,0,0,1,0,0
334,3,0,16.0,18.0,2,0,1,0,0,0,1,0,0,0,1,0,0
335,1,1,35.0,133.65,1,0,0,0,0,0,1,0,0,0,0,1,1
336,3,0,30.0,7.8958,0,1,0,0,0,0,1,0,0,0,1,0,0
337,1,0,29.0,66.6,1,0,1,1,0,0,1,0,0,0,1,0,0
338,1,1,41.0,134.5,0,1,1,1,1,0,0,0,0,1,0,0,1
339,3,0,45.0,8.05,0,1,1,0,0,0,1,0,0,0,1,0,1
340,1,0,45.0,35.5,0,1,1,1,0,0,1,0,0,0,1,0,0
341,2,0,2.0,26.0,2,0,1,1,0,0,1,0,1,0,0,0,1
342,1,1,24.0,263.0,5,0,1,1,0,0,1,0,0,1,0,0,1
343,2,0,28.0,13.0,0,1,1,0,0,0,1,0,0,0,1,0,0
344,2,0,25.0,13.0,0,1,1,0,0,0,1,0,0,0,1,0,0
345,2,0,36.0,13.0,0,1,1,0,0,0,1,0,0,0,1,0,0
346,2,1,24.0,13.0,0,1,1,1,0,0,1,0,0,1,0,0,1
347,2,1,40.0,13.0,0,1,1,0,0,0,1,0,0,1,0,0,1
348,3,1,35.0,16.1,1,0,0,0,0,0,1,0,0,0,0,1,1
349,3,0,3.0,15.9,2,0,1,0,0,0,1,0,1,0,0,0,1
350,3,0,42.0,8.6625,0,1,1,0,0,0,1,0,0,0,1,0,0
351,3,0,23.0,9.225,0,1,1,0,0,0,1,0,0,0,1,0,0
352,1,0,30.0,35.0,0,1,0,1,0,0,1,0,0,0,1,0,0
353,3,0,15.0,7.2292,2,0,1,0,1,0,0,0,0,0,1,0,0
354,3,0,25.0,17.8,1,0,1,0,0,0,1,0,0,0,1,0,0
355,3,0,30.0,7.225,0,1,0,0,1,0,0,0,0,0,1,0,0
356,3,0,28.0,9.5,0,1,1,0,0,0,1,0,0,0,1,0,0
357,1,1,22.0,55.0,1,0,1,1,0,0,1,0,0,1,0,0,1
358,2,1,38.0,13.0,0,1,1,0,0,0,1,0,0,1,0,0,0
359,3,1,21.0,7.8792,0,1,0,0,0,1,0,0,0,1,0,0,1
360,3,1,21.0,7.8792,0,1,0,0,0,1,0,0,0,1,0,0,1
361,3,0,40.0,27.9,5,0,1,0,0,0,1,0,0,0,1,0,0
362,2,0,29.0,27.7208,1,0,1,0,1,0,0,0,0,0,1,0,0
363,3,1,45.0,14.4542,1,0,1,0,1,0,0,0,0,0,0,1,0
364,3,0,35.0,7.05,0,1,1,0,0,0,1,0,0,0,1,0,0
365,3,0,30.0,15.5,1,0,0,0,0,1,0,0,0,0,1,0,0
366,3,0,30.0,7.25,0,1,1,0,0,0,1,0,0,0,1,0,0
367,1,1,60.0,75.25,1,0,1,1,1,0,0,0,0,0,0,1,1
368,3,1,35.0,7.2292,0,1,0,0,1,0,0,0,0,0,0,1,1
369,3,1,21.0,7.75,0,1,0,0,0,1,0,0,0,1,0,0,1
370,1,1,24.0,69.3,0,1,1,1,1,0,0,0,0,1,0,0,1
371,1,0,25.0,55.4417,1,0,1,1,1,0,0,0,0,0,1,0,1
372,3,0,18.0,6.4958,1,0,1,0,0,0,1,0,0,0,1,0,0
373,3,0,19.0,8.05,0,1,1,0,0,0,1,0,0,0,1,0,0
374,1,0,22.0,135.6333,0,1,1,0,1,0,0,0,0,0,1,0,0
375,3,1,3.0,21.075,4,0,1,0,0,0,1,0,0,1,0,0,0
376,1,1,35.0,82.1708,1,0,0,0,1,0,0,0,0,0,0,1,1
377,3,1,22.0,7.25,0,1,1,0,0,0,1,0,0,1,0,0,1
378,1,0,27.0,211.5,2,0,1,1,1,0,0,0,0,0,1,0,0
379,3,0,20.0,4.0125,0,1,1,0,1,0,0,0,0,0,1,0,0
380,3,0,19.0,7.775,0,1,1,0,0,0,1,0,0,0,1,0,0
381,1,1,42.0,227.525,0,1,1,0,1,0,0,0,0,1,0,0,1
382,3,1,1.0,15.7417,2,0,1,0,1,0,0,0,0,1,0,0,1
383,3,0,32.0,7.925,0,1,1,0,0,0,1,0,0,0,1,0,0
384,1,1,35.0,52.0,1,0,1,0,0,0,1,0,0,0,0,1,1
385,3,0,30.0,7.8958,0,1,0,0,0,0,1,0,0,0,1,0,0
386,2,0,18.0,73.5,0,1,1,0,0,0,1,0,0,0,1,0,0
387,3,0,1.0,46.9,7,0,1,0,0,0,1,0,1,0,0,0,0
388,2,1,36.0,13.0,0,1,1,0,0,0,1,0,0,1,0,0,1
389,3,0,30.0,7.7292,0,1,0,0,0,1,0,0,0,0,1,0,0
390,2,1,17.0,12.0,0,1,1,0,1,0,0,0,0,1,0,0,1
391,1,0,36.0,120.0,3,0,1,1,0,0,1,0,0,0,1,0,1
392,3,0,21.0,7.7958,0,1,1,0,0,0,1,0,0,0,1,0,1
393,3,0,28.0,7.925,2,0,1,0,0,0,1,0,0,0,1,0,0
394,1,1,23.0,113.275,1,0,1,1,1,0,0,0,0,1,0,0,1
395,3,1,24.0,16.7,2,0,1,1,0,0,1,0,0,0,0,1,1
396,3,0,22.0,7.7958,0,1,1,0,0,0,1,0,0,0,1,0,0
397,3,1,31.0,7.8542,0,1,1,0,0,0,1,0,0,1,0,0,0
398,2,0,46.0,26.0,0,1,1,0,0,0,1,0,0,0,1,0,0
399,2,0,23.0,10.5,0,1,1,0,0,0,1,1,0,0,0,0,0
400,2,1,28.0,12.65,0,1,1,0,0,0,1,0,0,0,0,1,1
401,3,0,39.0,7.925,0,1,1,0,0,0,1,0,0,0,1,0,1
402,3,0,26.0,8.05,0,1,1,0,0,0,1,0,0,0,1,0,0
403,3,1,21.0,9.825,1,0,1,0,0,0,1,0,0,1,0,0,0
404,3,0,28.0,15.85,1,0,1,0,0,0,1,0,0,0,1,0,0
405,3,1,20.0,8.6625,0,1,1,0,0,0,1,0,0,1,0,0,0
406,2,0,34.0,21.0,1,0,1,0,0,0,1,0,0,0,1,0,0
407,3,0,51.0,7.75,0,1,1,0,0,0,1,0,0,0,1,0,0
408,2,0,3.0,18.75,2,0,1,0,0,0,1,0,1,0,0,0,1
409,3,0,21.0,7.775,0,1,1,0,0,0,1,0,0,0,1,0,0
410,3,1,21.0,25.4667,4,0,0,0,0,0,1,0,0,1,0,0,0
411,3,0,30.0,7.8958,0,1,0,0,0,0,1,0,0,0,1,0,0
412,3,0,30.0,6.8583,0,1,0,0,0,1,0,0,0,0,1,0,0
413,1,1,33.0,90.0,1,0,1,1,0,1,0,0,0,1,0,0,1
414,2,0,30.0,14.25,0,1,0,0,0,0,1,0,0,0,1,0,0
415,3,0,44.0,7.925,0,1,1,0,0,0,1,0,0,0,1,0,1
416,3,1,35.0,8.05,0,1,0,0,0,0,1,0,0,0,0,1,0
417,2,1,34.0,32.5,2,0,1,0,0,0,1,0,0,0,0,1,1
418,2,1,18.0,13.0,2,0,1,0,0,0,1,0,0,1,0,0,1
419,2,0,30.0,13.0,0,1,1,0,0,0,1,0,0,0,1,0,0
420,3,1,10.0,24.15,2,0,1,0,0,0,1,0,0,1,0,0,0
421,3,0,30.0,7.8958,0,1,0,0,1,0,0,0,0,0,1,0,0
422,3,0,21.0,7.7333,0,1,1,0,0,1,0,0,0,0,1,0,0
423,3,0,29.0,7.875,0,1,1,0,0,0,1,0,0,0,1,0,0
424,3,1,28.0,14.4,2,0,1,0,0,0,1,0,0,0,0,1,0
425,3,0,18.0,20.2125,2,0,1,0,0,0,1,0,0,0,1,0,0
426,3,0,30.0,7.25,0,1,0,0,0,0,1,0,0,0,1,0,0
427,2,1,28.0,26.0,1,0,1,0,0,0,1,0,0,0,0,1,1
428,2,1,19.0,26.0,0,1,1,0,0,0,1,0,0,1,0,0,1
429,3,0,30.0,7.75,0,1,0,0,0,1,0,0,0,0,1,0,0
430,3,0,32.0,8.05,0,1,1,1,0,0,1,0,0,0,1,0,1
431,1,0,28.0,26.55,0,1,1,1,0,0,1,0,0,0,1,0,1
432,3,1,35.0,16.1,1,0,0,0,0,0,1,0,0,0,0,1,1
433,2,1,42.0,26.0,1,0,1,0,0,0,1,0,0,0,0,1,1
434,3,0,17.0,7.125,0,1,1,0,0,0,1,0,0,0,1,0,0
435,1,0,50.0,55.9,1,0,1,1,0,0,1,0,0,0,1,0,0
436,1,1,14.0,120.0,3,0,1,1,0,0,1,0,0,1,0,0,1
437,3,1,21.0,34.375,4,0,1,0,0,0,1,0,0,1,0,0,0
438,2,1,24.0,18.75,5,0,1,0,0,0,1,0,0,0,0,1,1
439,1,0,64.0,263.0,5,0,1,1,0,0,1,0,0,0,1,0,0
440,2,0,31.0,10.5,0,1,1,0,0,0,1,0,0,0,1,0,0
441,2,1,45.0,26.25,2,0,1,0,0,0,1,0,0,0,0,1,1
442,3,0,20.0,9.5,0,1,1,0,0,0,1,0,0,0,1,0,0
443,3,0,25.0,7.775,1,0,1,0,0,0,1,0,0,0,1,0,0
444,2,1,28.0,13.0,0,1,1,0,0,0,1,0,0,0,0,1,1
445,3,0,30.0,8.1125,0,1,0,0,0,0,1,0,0,0,1,0,1
446,1,0,4.0,81.8583,2,0,1,1,0,0,1,0,1,0,0,0,1
447,2,1,13.0,19.5,1,0,1,0,0,0,1,0,0,1,0,0,1
448,1,0,34.0,26.55,0,1,1,0,0,0,1,0,0,0,1,0,1
449,3,1,5.0,19.2583,3,0,1,0,1,0,0,0,0,1,0,0,1
450,1,0,52.0,30.5,0,1,1,1,0,0,1,1,0,0,0,0,1
451,2,0,36.0,27.75,3,0,1,0,0,0,1,0,0,0,1,0,0
452,3,0,30.0,19.9667,1,0,0,0,0,0,1,0,0,0,1,0,0
453,1,0,30.0,27.75,0,1,1,1,1,0,0,0,0,0,1,0,0
454,1,0,49.0,89.1042,1,0,1,1,1,0,0,0,0,0,1,0,1
455,3,0,30.0,8.05,0,1,0,0,0,0,1,0,0,0,1,0,0
456,3,0,29.0,7.8958,0,1,1,0,1,0,0,0,0,0,1,0,1
457,1,0,65.0,26.55,0,1,1,1,0,0,1,0,0,0,1,0,0
458,1,1,35.0,51.8625,1,0,0,1,0,0,1,0,0,0,0,1,1
459,2,1,50.0,10.5,0,1,1,0,0,0,1,0,0,1,0,0,1
460,3,0,30.0,7.75,0,1,0,0,0,1,0,0,0,0,1,0,0
461,1,0,48.0,26.55,0,1,1,1,0,0,1,0,0,0,1,0,1
462,3,0,34.0,8.05,0,1,1,0,0,0,1,0,0,0,1,0,0
463,1,0,47.0,38.5,0,1,1,1,0,0,1,0,0,0,1,0,0
464,2,0,48.0,13.0,0,1,1,0,0,0,1,0,0,0,1,0,0
465,3,0,30.0,8.05,0,1,0,0,0,0,1,0,0,0,1,0,0
466,3,0,38.0,7.05,0,1,1,0,0,0,1,0,0,0,1,0,0
467,2,0,30.0,14.25,0,1,0,0,0,0,1,0,0,0,1,0,0
468,1,0,56.0,26.55,0,1,1,0,0,0,1,0,0,0,1,0,0
469,3,0,30.0,7.725,0,1,0,0,0,1,0,0,0,0,1,0,0
470,3,1,0.75,19.2583,3,0,1,0,1,0,0,0,0,1,0,0,1
471,3,0,30.0,7.25,0,1,0,0,0,0,1,0,0,0,1,0,0
472,3,0,38.0,8.6625,0,1,1,0,0,0,1,0,0,0,1,0,0
473,2,1,33.0,27.75,3,0,1,0,0,0,1,0,0,0,0,1,1
474,2,1,23.0,13.7917,0,1,1,1,1,0,0,0,0,0,0,1,1
475,3,1,22.0,9.8375,0,1,1,0,0,0,1,0,0,1,0,0,0
476,1,0,30.0,52.0,0,1,0,1,0,0,1,0,0,0,1,0,0
477,2,0,34.0,21.0,1,0,1,0,0,0,1,0,0,0,1,0,0
478,3,0,29.0,7.0458,1,0,1,0,0,0,1,0,0,0,1,0,0
479,3,0,22.0,7.5208,0,1,1,0,0,0,1,0,0,0,1,0,0
480,3,1,2.0,12.2875,1,0,1,0,0,0,1,0,0,1,0,0,1
481,3,0,9.0,46.9,7,0,1,0,0,0,1,0,1,0,0,0,0
482,2,0,30.0,14.25,0,1,0,0,0,0,1,0,0,0,1,0,0
483,3,0,50.0,8.05,0,1,1,0,0,0,1,0,0,0,1,0,0
484,3,1,63.0,9.5875,0,1,1,0,0,0,1,0,0,0,0,1,1
485,1,0,25.0,91.0792,1,0,1,1,1,0,0,0,0,0,1,0,1
486,3,1,21.0,25.4667,4,0,0,0,0,0,1,0,0,1,0,0,0
487,1,1,35.0,90.0,1,0,1,1,0,0,1,0,0,0,0,1,1
488,1,0,58.0,29.7,0,1,1,1,1,0,0,0,0,0,1,0,0
489,3,0,30.0,8.05,0,1,1,0,0,0,1,0,0,0,1,0,0
490,3,0,9.0,15.9,2,0,1,0,0,0,1,0,1,0,0,0,1
491,3,0,30.0,19.9667,1,0,0,0,0,0,1,0,0,0,1,0,0
492,3,0,21.0,7.25,0,1,1,0,0,0,1,0,0,0,1,0,0
493,1,0,55.0,30.5,0,1,1,1,0,0,1,0,0,0,1,0,0
494,1,0,71.0,49.5042,0,1,1,0,1,0,0,0,0,0,1,0,0
495,3,0,21.0,8.05,0,1,1,0,0,0,1,0,0,0,1,0,0
496,3,0,30.0,14.4583,0,1,0,0,1,0,0,0,0,0,1,0,0
497,1,1,54.0,78.2667,1,0,1,1,1,0,0,0,0,1,0,0,1
498,3,0,30.0,15.1,0,1,0,0,0,0,1,0,0,0,1,0,0
499,1,1,25.0,151.55,3,0,1,1,0,0,1,0,0,0,0,1,0
500,3,0,24.0,7.7958,0,1,1,0,0,0,1,0,0,0,1,0,0
501,3,0,17.0,8.6625,0,1,1,0,0,0,1,0,0,0,1,0,0
502,3,1,21.0,7.75,0,1,1,0,0,1,0,0,0,1,0,0,0
503,3,1,21.0,7.6292,0,1,0,0,0,1,0,0,0,1,0,0,0
504,3,1,37.0,9.5875,0,1,1,0,0,0,1,0,0,1,0,0,0
505,1,1,16.0,86.5,0,1,1,1,0,0,1,0,0,1,0,0,1
506,1,0,18.0,108.9,1,0,1,1,1,0,0,0,0,0,1,0,0
507,2,1,33.0,26.0,2,0,1,0,0,0,1,0,0,0,0,1,1
508,1,0,30.0,26.55,0,1,0,0,0,0,1,0,0,0,1,0,1
509,3,0,28.0,22.525,0,1,1,0,0,0,1,0,0,0,1,0,0
510,3,0,26.0,56.4958,0,1,1,0,0,0,1,0,0,0,1,0,1
511,3,0,29.0,7.75,0,1,1,0,0,1,0,0,0,0,1,0,1
512,3,0,30.0,8.05,0,1,0,0,0,0,1,0,0,0,1,0,0
513,1,0,36.0,26.2875,0,1,1,1,0,0,1,0,0,0,1,0,1
514,1,1,54.0,59.4,1,0,1,0,1,0,0,0,0,0,0,1,1
515,3,0,24.0,7.4958,0,1,1,0,0,0,1,0,0,0,1,0,0
516,1,0,47.0,34.0208,0,1,1,1,0,0,1,0,0,0,1,0,0
517,2,1,34.0,10.5,0,1,1,1,0,0,1,0,0,0,0,1,1
518,3,0,30.0,24.15,0,1,0,0,0,1,0,0,0,0,1,0,0
519,2,1,36.0,26.0,1,0,1,0,0,0,1,0,0,0,0,1,1
520,3,0,32.0,7.8958,0,1,1,0,0,0,1,0,0,0,1,0,0
521,1,1,30.0,93.5,0,1,1,1,0,0,1,0,0,1,0,0,1
522,3,0,22.0,7.8958,0,1,1,0,0,0,1,0,0,0,1,0,0
523,3,0,30.0,7.225,0,1,0,0,1,0,0,0,0,0,1,0,0
524,1,1,44.0,57.9792,1,0,1,1,1,0,0,0,0,0,0,1,1
525,3,0,30.0,7.2292,0,1,0,0,1,0,0,0,0,0,1,0,0
526,3,0,40.5,7.75,0,1,1,0,0,1,0,0,0,0,1,0,0
527,2,1,50.0,10.5,0,1,1,0,0,0,1,0,0,1,0,0,1
528,1,0,30.0,221.7792,0,1,0,1,0,0,1,0,0,0,1,0,0
529,3,0,39.0,7.925,0,1,1,0,0,0,1,0,0,0,1,0,0
530,2,0,23.0,11.5,3,0,1,0,0,0,1,0,0,0,1,0,0
531,2,1,2.0,26.0,2,0,1,0,0,0,1,0,0,1,0,0,1
532,3,0,30.0,7.2292,0,1,0,0,1,0,0,0,0,0,1,0,0
533,3,0,17.0,7.2292,2,0,1,0,1,0,0,0,0,0,1,0,0
534,3,1,35.0,22.3583,2,0,0,0,1,0,0,0,0,0,0,1,1
535,3,1,30.0,8.6625,0,1,1,0,0,0,1,0,0,1,0,0,0
536,2,1,7.0,26.25,2,0,1,0,0,0,1,0,0,1,0,0,1
537,1,0,45.0,26.55,0,1,1,1,0,0,1,1,0,0,0,0,0
538,1,1,30.0,106.425,0,1,1,0,1,0,0,0,0,1,0,0,1
539,3,0,30.0,14.5,0,1,0,0,0,0,1,0,0,0,1,0,0
540,1,1,22.0,49.5,2,0,1,1,1,0,0,0,0,1,0,0,1
541,1,1,36.0,71.0,2,0,1,1,0,0,1,0,0,1,0,0,1
542,3,1,9.0,31.275,6,0,1,0,0,0,1,0,0,1,0,0,0
543,3,1,11.0,31.275,6,0,1,0,0,0,1,0,0,1,0,0,0
544,2,0,32.0,26.0,1,0,1,0,0,0,1,0,0,0,1,0,1
545,1,0,50.0,106.425,1,0,1,1,1,0,0,0,0,0,1,0,0
546,1,0,64.0,26.0,0,1,1,0,0,0,1,0,0,0,1,0,0
547,2,1,19.0,26.0,1,0,1,0,0,0,1,0,0,0,0,1,1
548,2,0,30.0,13.8625,0,1,0,0,1,0,0,0,0,0,1,0,1
549,3,0,33.0,20.525,2,0,1,0,0,0,1,0,0,0,1,0,0
550,2,0,8.0,36.75,2,0,1,0,0,0,1,0,1,0,0,0,1
551,1,0,17.0,110.8833,2,0,1,1,1,0,0,0,0,0,1,0,1
552,2,0,27.0,26.0,0,1,1,0,0,0,1,0,0,0,1,0,0
553,3,0,30.0,7.8292,0,1,0,0,0,1,0,0,0,0,1,0,0
554,3,0,22.0,7.225,0,1,1,0,1,0,0,0,0,0,1,0,1
555,3,1,22.0,7.775,0,1,1,0,0,0,1,0,0,1,0,0,1
556,1,0,62.0,26.55,0,1,1,0,0,0,1,0,0,0,1,0,0
557,1,1,48.0,39.6,1,0,1,1,1,0,0,1,0,0,0,0,1
558,1,0,30.0,227.525,0,1,0,0,1,0,0,0,0,0,1,0,0
559,1,1,39.0,79.65,2,0,1,1,0,0,1,0,0,0,0,1,1
560,3,1,36.0,17.4,1,0,1,0,0,0,1,0,0,0,0,1,1
561,3,0,30.0,7.75,0,1,0,0,0,1,0,0,0,0,1,0,0
562,3,0,40.0,7.8958,0,1,1,0,0,0,1,0,0,0,1,0,0
563,2,0,28.0,13.5,0,1,1,0,0,0,1,0,0,0,1,0,0
564,3,0,30.0,8.05,0,1,0,0,0,0,1,0,0,0,1,0,0
565,3,1,21.0,8.05,0,1,0,0,0,0,1,0,0,1,0,0,0
566,3,0,24.0,24.15,2,0,1,0,0,0,1,0,0,0,1,0,0
567,3,0,19.0,7.8958,0,1,1,0,0,0,1,0,0,0,1,0,0
568,3,1,29.0,21.075,4,0,1,0,0,0,1,0,0,0,0,1,0
569,3,0,30.0,7.2292,0,1,0,0,1,0,0,0,0,0,1,0,0
570,3,0,32.0,7.8542,0,1,1,0,0,0,1,0,0,0,1,0,1
571,2,0,62.0,10.5,0,1,1,0,0,0,1,0,0,0,1,0,1
572,1,1,53.0,51.4792,2,0,1,1,0,0,1,0,0,0,0,1,1
573,1,0,36.0,26.3875,0,1,1,1,0,0,1,0,0,0,1,0,1
574,3,1,21.0,7.75,0,1,0,0,0,1,0,0,0,1,0,0,1
575,3,0,16.0,8.05,0,1,1,0,0,0,1,0,0,0,1,0,0
576,3,0,19.0,14.5,0,1,1,0,0,0,1,0,0,0,1,0,0
577,2,1,34.0,13.0,0,1,1,0,0,0,1,0,0,1,0,0,1
578,1,1,39.0,55.9,1,0,1,1,0,0,1,0,0,0,0,1,1
579,3,1,35.0,14.4583,1,0,0,0,1,0,0,0,0,0,0,1,0
580,3,0,32.0,7.925,0,1,1,0,0,0,1,0,0,0,1,0,1
581,2,1,25.0,30.0,2,0,1,0,0,0,1,0,0,1,0,0,1
582,1,1,39.0,110.8833,2,0,1,1,1,0,0,0,0,0,0,1,1
583,2,0,54.0,26.0,0,1,1,0,0,0,1,0,0,0,1,0,0
584,1,0,36.0,40.125,0,1,1,1,1,0,0,0,0,0,1,0,0
585,3,0,30.0,8.7125,0,1,0,0,1,0,0,0,0,0,1,0,0
586,1,1,18.0,79.65,2,0,1,1,0,0,1,0,0,1,0,0,1
587,2,0,47.0,15.0,0,1,1,0,0,0,1,0,0,0,1,0,0
588,1,0,60.0,79.2,2,0,1,1,1,0,0,0,0,0,1,0,1
589,3,0,22.0,8.05,0,1,1,0,0,0,1,0,0,0,1,0,0
590,3,0,30.0,8.05,0,1,0,0,0,0,1,0,0,0,1,0,0
591,3,0,35.0,7.125,0,1,1,0,0,0,1,0,0,0,1,0,0
592,1,1,52.0,78.2667,1,0,1,1,1,0,0,0,0,0,0,1,1
593,3,0,47.0,7.25,0,1,1,0,0,0,1,0,0,0,1,0,0
594,3,1,21.0,7.75,2,0,0,0,0,1,0,0,0,1,0,0,0
595,2,0,37.0,26.0,1,0,1,0,0,0,1,0,0,0,1,0,0
596,3,0,36.0,24.15,2,0,1,0,0,0,1,0,0,0,1,0,0
597,2,1,21.0,33.0,0,1,0,0,0,0,1,0,0,1,0,0,1
598,3,0,49.0,8.05,0,1,1,0,0,0,1,0,0,0,1,0,0
599,3,0,30.0,7.225,0,1,0,0,1,0,0,0,0,0,1,0,0
600,1,0,49.0,56.9292,1,0,1,1,1,0,0,1,0,0,0,0,1
601,2,1,24.0,27.0,3,0,1,0,0,0,1,0,0,0,0,1,1
602,3,0,30.0,7.8958,0,1,0,0,0,0,1,0,0,0,1,0,0
603,1,0,30.0,42.4,0,1,0,0,0,0,1,0,0,0,1,0,0
604,3,0,44.0,8.05,0,1,1,0,0,0,1,0,0,0,1,0,0
605,1,0,35.0,26.55,0,1,1,0,1,0,0,0,0,0,1,0,1
606,3,0,36.0,15.55,1,0,1,0,0,0,1,0,0,0,1,0,0
607,3,0,30.0,7.8958,0,1,1,0,0,0,1,0,0,0,1,0,0
608,1,0,27.0,30.5,0,1,1,0,0,0,1,0,0,0,1,0,1
609,2,1,22.0,41.5792,3,0,1,0,1,0,0,0,0,0,0,1,1
610,1,1,40.0,153.4625,0,1,1,1,0,0,1,0,0,1,0,0,1
611,3,1,39.0,31.275,6,0,1,0,0,0,1,0,0,0,0,1,0
612,3,0,30.0,7.05,0,1,0,0,0,0,1,0,0,0,1,0,0
613,3,1,21.0,15.5,1,0,0,0,0,1,0,0,0,1,0,0,1
614,3,0,30.0,7.75,0,1,0,0,0,1,0,0,0,0,1,0,0
615,3,0,35.0,8.05,0,1,1,0,0,0,1,0,0,0,1,0,0
616,2,1,24.0,65.0,3,0,1,0,0,0,1,0,0,1,0,0,1
617,3,0,34.0,14.4,2,0,1,0,0,0,1,0,0,0,1,0,0
618,3,1,26.0,16.1,1,0,1,0,0,0,1,0,0,0,0,1,0
619,2,1,4.0,39.0,3,0,1,1,0,0,1,0,0,1,0,0,1
620,2,0,26.0,10.5,0,1,1,0,0,0,1,0,0,0,1,0,0
621,3,0,27.0,14.4542,1,0,1,0,1,0,0,0,0,0,1,0,0
622,1,0,42.0,52.5542,1,0,1,1,0,0,1,0,0,0,1,0,1
623,3,0,20.0,15.7417,2,0,1,0,1,0,0,0,0,0,1,0,1
624,3,0,21.0,7.8542,0,1,1,0,0,0,1,0,0,0,1,0,0
625,3,0,21.0,16.1,0,1,1,0,0,0,1,0,0,0,1,0,0
626,1,0,61.0,32.3208,0,1,1,1,0,0,1,0,0,0,1,0,0
627,2,0,57.0,12.35,0,1,1,0,0,1,0,1,0,0,0,0,0
628,1,1,21.0,77.9583,0,1,1,1,0,0,1,0,0,1,0,0,1
629,3,0,26.0,7.8958,0,1,1,0,0,0,1,0,0,0,1,0,0
630,3,0,30.0,7.7333,0,1,0,0,0,1,0,0,0,0,1,0,0
631,1,0,80.0,30.0,0,1,1,1,0,0,1,0,0,0,1,0,1
632,3,0,51.0,7.0542,0,1,1,0,0,0,1,0,0,0,1,0,0
633,1,0,32.0,30.5,0,1,1,1,1,0,0,1,0,0,0,0,1
634,1,0,30.0,60.287499999999994,0,1,0,0,0,0,1,0,0,0,1,0,0
635,3,1,9.0,27.9,5,0,1,0,0,0,1,0,0,1,0,0,0
636,2,1,28.0,13.0,0,1,1,0,0,0,1,0,0,1,0,0,1
637,3,0,32.0,7.925,0,1,1,0,0,0,1,0,0,0,1,0,0
638,2,0,31.0,26.25,2,0,1,0,0,0,1,0,0,0,1,0,0
639,3,1,41.0,39.6875,5,0,1,0,0,0,1,0,0,0,0,1,0
640,3,0,30.0,16.1,1,0,0,0,0,0,1,0,0,0,1,0,0
641,3,0,20.0,7.8542,0,1,1,0,0,0,1,0,0,0,1,0,0
642,1,1,24.0,69.3,0,1,1,1,1,0,0,0,0,1,0,0,1
643,3,1,2.0,27.9,5,0,1,0,0,0,1,0,0,1,0,0,0
644,3,0,30.0,56.4958,0,1,0,0,0,0,1,0,0,0,1,0,1
645,3,1,0.75,19.2583,3,0,1,0,1,0,0,0,0,1,0,0,1
646,1,0,48.0,76.7292,1,0,1,1,1,0,0,0,0,0,1,0,1
647,3,0,19.0,7.8958,0,1,1,0,0,0,1,0,0,0,1,0,0
648,1,0,56.0,35.5,0,1,1,1,1,0,0,1,0,0,0,0,1
649,3,0,30.0,7.55,0,1,0,0,0,0,1,0,0,0,1,0,0
650,3,1,23.0,7.55,0,1,1,0,0,0,1,0,0,1,0,0,1
651,3,0,30.0,7.8958,0,1,0,0,0,0,1,0,0,0,1,0,0
652,2,1,18.0,23.0,1,0,1,0,0,0,1,0,0,1,0,0,1
653,3,0,21.0,8.4333,0,1,1,0,0,0,1,0,0,0,1,0,0
654,3,1,21.0,7.8292,0,1,0,0,0,1,0,0,0,1,0,0,1
655,3,1,18.0,6.75,0,1,1,0,0,1,0,0,0,1,0,0,0
656,2,0,24.0,73.5,2,0,1,0,0,0,1,0,0,0,1,0,0
657,3,0,30.0,7.8958,0,1,0,0,0,0,1,0,0,0,1,0,0
658,3,1,32.0,15.5,2,0,1,0,0,1,0,0,0,0,0,1,0
659,2,0,23.0,13.0,0,1,1,0,0,0,1,0,0,0,1,0,0
660,1,0,58.0,113.275,2,0,1,1,1,0,0,0,0,0,1,0,0
661,1,0,50.0,133.65,2,0,1,0,0,0,1,1,0,0,0,0,1
662,3,0,40.0,7.225,0,1,1,0,1,0,0,0,0,0,1,0,0
663,1,0,47.0,25.5875,0,1,1,1,0,0,1,0,0,0,1,0,0
664,3,0,36.0,7.4958,0,1,1,0,0,0,1,0,0,0,1,0,0
665,3,0,20.0,7.925,1,0,1,0,0,0,1,0,0,0,1,0,1
666,2,0,32.0,73.5,2,0,1,0,0,0,1,0,0,0,1,0,0
667,2,0,25.0,13.0,0,1,1,0,0,0,1,0,0,0,1,0,0
668,3,0,30.0,7.775,0,1,0,0,0,0,1,0,0,0,1,0,0
669,3,0,43.0,8.05,0,1,1,0,0,0,1,0,0,0,1,0,0
670,1,1,35.0,52.0,1,0,0,1,0,0,1,0,0,0,0,1,1
671,2,1,40.0,39.0,2,0,1,0,0,0,1,0,0,0,0,1,1
672,1,0,31.0,52.0,1,0,1,1,0,0,1,0,0,0,1,0,0
673,2,0,70.0,10.5,0,1,1,0,0,0,1,0,0,0,1,0,0
674,2,0,31.0,13.0,0,1,1,0,0,0,1,0,0,0,1,0,1
675,2,0,30.0,14.25,0,1,0,0,0,0,1,0,0,0,1,0,0
676,3,0,18.0,7.775,0,1,1,0,0,0,1,0,0,0,1,0,0
677,3,0,24.5,8.05,0,1,1,0,0,0,1,0,0,0,1,0,0
678,3,1,18.0,9.8417,0,1,1,0,0,0,1,0,0,1,0,0,1
679,3,1,43.0,46.9,7,0,1,0,0,0,1,0,0,0,0,1,0
680,1,0,36.0,512.3292,1,0,1,1,1,0,0,0,0,0,1,0,1
681,3,1,21.0,8.1375,0,1,0,0,0,1,0,0,0,1,0,0,0
682,1,0,27.0,76.7292,0,1,1,1,1,0,0,0,0,0,1,0,1
683,3,0,20.0,9.225,0,1,1,0,0,0,1,0,0,0,1,0,0
684,3,0,14.0,46.9,7,0,1,0,0,0,1,0,0,0,1,0,0
685,2,0,60.0,39.0,2,0,1,0,0,0,1,0,0,0,1,0,0
686,2,0,25.0,41.5792,3,0,1,0,1,0,0,0,0,0,1,0,0
687,3,0,14.0,39.6875,5,0,1,0,0,0,1,0,0,0,1,0,0
688,3,0,19.0,10.1708,0,1,1,0,0,0,1,0,0,0,1,0,0
689,3,0,18.0,7.7958,0,1,1,0,0,0,1,0,0,0,1,0,0
690,1,1,15.0,211.3375,1,0,1,1,0,0,1,0,0,1,0,0,1
691,1,0,31.0,57.0,1,0,1,1,0,0,1,0,0,0,1,0,1
692,3,1,4.0,13.4167,1,0,1,0,1,0,0,0,0,1,0,0,1
693,3,0,30.0,56.4958,0,1,0,0,0,0,1,0,0,0,1,0,1
694,3,0,25.0,7.225,0,1,1,0,1,0,0,0,0,0,1,0,0
695,1,0,60.0,26.55,0,1,1,0,0,0,1,1,0,0,0,0,0
696,2,0,52.0,13.5,0,1,1,0,0,0,1,0,0,0,1,0,0
697,3,0,44.0,8.05,0,1,1,0,0,0,1,0,0,0,1,0,0
698,3,1,21.0,7.7333,0,1,0,0,0,1,0,0,0,1,0,0,1
699,1,0,49.0,110.8833,2,0,1,1,1,0,0,0,0,0,1,0,0
700,3,0,42.0,7.65,0,1,1,1,0,0,1,0,0,0,1,0,0
701,1,1,18.0,227.525,1,0,1,1,1,0,0,0,0,0,0,1,1
702,1,0,35.0,26.2875,0,1,1,1,0,0,1,0,0,0,1,0,1
703,3,1,18.0,14.4542,1,0,1,0,1,0,0,0,0,1,0,0,0
704,3,0,25.0,7.7417,0,1,1,0,0,1,0,0,0,0,1,0,0
705,3,0,26.0,7.8542,1,0,1,0,0,0,1,0,0,0,1,0,0
706,2,0,39.0,26.0,0,1,1,0,0,0,1,0,0,0,1,0,0
707,2,1,45.0,13.5,0,1,1,0,0,0,1,0,0,0,0,1,1
708,1,0,42.0,26.2875,0,1,1,1,0,0,1,0,0,0,1,0,1
709,1,1,22.0,151.55,0,1,1,0,0,0,1,0,0,1,0,0,1
710,3,0,3.5,15.2458,2,0,0,0,1,0,0,0,1,0,0,0,1
711,1,1,24.0,49.5042,0,1,1,1,1,0,0,0,0,1,0,0,1
712,1,0,30.0,26.55,0,1,0,1,0,0,1,0,0,0,1,0,0
713,1,0,48.0,52.0,1,0,1,1,0,0,1,0,0,0,1,0,1
714,3,0,29.0,9.4833,0,1,1,0,0,0,1,0,0,0,1,0,0
715,2,0,52.0,13.0,0,1,1,0,0,0,1,0,0,0,1,0,0
716,3,0,19.0,7.65,0,1,1,1,0,0,1,0,0,0,1,0,0
717,1,1,38.0,227.525,0,1,1,1,1,0,0,0,0,1,0,0,1
718,2,1,27.0,10.5,0,1,1,1,0,0,1,0,0,1,0,0,1
719,3,0,30.0,15.5,0,1,0,0,0,1,0,0,0,0,1,0,0
720,3,0,33.0,7.775,0,1,1,0,0,0,1,0,0,0,1,0,0
721,2,1,6.0,33.0,1,0,1,0,0,0,1,0,0,1,0,0,1
722,3,0,17.0,7.0542,1,0,1,0,0,0,1,0,0,0,1,0,0
723,2,0,34.0,13.0,0,1,1,0,0,0,1,0,0,0,1,0,0
724,2,0,50.0,13.0,0,1,1,0,0,0,1,0,0,0,1,0,0
725,1,0,27.0,53.1,1,0,1,1,0,0,1,0,0,0,1,0,1
726,3,0,20.0,8.6625,0,1,1,0,0,0,1,0,0,0,1,0,0
727,2,1,30.0,21.0,3,0,1,0,0,0,1,0,0,0,0,1,1
728,3,1,21.0,7.7375,0,1,0,0,0,1,0,0,0,1,0,0,1
729,2,0,25.0,26.0,1,0,1,0,0,0,1,0,0,0,1,0,0
730,3,1,25.0,7.925,1,0,1,0,0,0,1,0,0,1,0,0,0
731,1,1,29.0,211.3375,0,1,1,1,0,0,1,0,0,1,0,0,1
732,3,0,11.0,18.7875,0,1,1,0,1,0,0,0,0,0,1,0,0
733,2,0,30.0,14.25,0,1,0,0,0,0,1,0,0,0,1,0,0
734,2,0,23.0,13.0,0,1,1,0,0,0,1,0,0,0,1,0,0
735,2,0,23.0,13.0,0,1,1,0,0,0,1,0,0,0,1,0,0
736,3,0,28.5,16.1,0,1,1,0,0,0,1,0,0,0,1,0,0
737,3,1,48.0,34.375,4,0,1,0,0,0,1,0,0,0,0,1,0
738,1,0,35.0,512.3292,0,1,1,1,1,0,0,0,0,0,1,0,1
739,3,0,30.0,7.8958,0,1,0,0,0,0,1,0,0,0,1,0,0
740,3,0,30.0,7.8958,0,1,0,0,0,0,1,0,0,0,1,0,0
741,1,0,30.0,30.0,0,1,0,1,0,0,1,0,0,0,1,0,1
742,1,0,36.0,78.85,1,0,1,1,0,0,1,0,0,0,1,0,0
743,1,1,21.0,262.375,4,0,1,1,1,0,0,0,0,1,0,0,1
744,3,0,24.0,16.1,1,0,1,0,0,0,1,0,0,0,1,0,0
745,3,0,31.0,7.925,0,1,1,0,0,0,1,0,0,0,1,0,1
746,1,0,70.0,71.0,2,0,1,1,0,0,1,1,0,0,0,0,0
747,3,0,16.0,20.25,2,0,1,0,0,0,1,0,0,0,1,0,0
748,2,1,30.0,13.0,0,1,1,0,0,0,1,0,0,1,0,0,1
749,1,0,19.0,53.1,1,0,1,1,0,0,1,0,0,0,1,0,0
750,3,0,31.0,7.75,0,1,1,0,0,1,0,0,0,0,1,0,0
751,2,1,4.0,23.0,2,0,1,0,0,0,1,0,0,1,0,0,1
752,3,0,6.0,12.475,1,0,1,1,0,0,1,0,1,0,0,0,1
753,3,0,33.0,9.5,0,1,1,0,0,0,1,0,0,0,1,0,0
754,3,0,23.0,7.8958,0,1,1,0,0,0,1,0,0,0,1,0,0
755,2,1,48.0,65.0,3,0,1,0,0,0,1,0,0,0,0,1,1
756,2,0,0.67,14.5,2,0,1,0,0,0,1,0,1,0,0,0,1
757,3,0,28.0,7.7958,0,1,1,0,0,0,1,0,0,0,1,0,0
758,2,0,18.0,11.5,0,1,1,0,0,0,1,0,0,0,1,0,0
759,3,0,34.0,8.05,0,1,1,0,0,0,1,0,0,0,1,0,0
760,1,1,33.0,86.5,0,1,1,1,0,0,1,1,0,0,0,0,1
761,3,0,30.0,14.5,0,1,0,0,0,0,1,0,0,0,1,0,0
762,3,0,41.0,7.125,0,1,1,0,0,0,1,0,0,0,1,0,0
763,3,0,20.0,7.2292,0,1,1,0,1,0,0,0,0,0,1,0,1
764,1,1,36.0,120.0,3,0,1,1,0,0,1,0,0,0,0,1,1
765,3,0,16.0,7.775,0,1,1,0,0,0,1,0,0,0,1,0,0
766,1,1,51.0,77.9583,1,0,1,1,0,0,1,0,0,0,0,1,1
767,1,0,46.5,39.6,0,1,0,0,1,0,0,1,0,0,0,0,0
768,3,1,30.5,7.75,0,1,1,0,0,1,0,0,0,1,0,0,0
769,3,0,30.0,24.15,1,0,0,0,0,1,0,0,0,0,1,0,0
770,3,0,32.0,8.3625,0,1,1,0,0,0,1,0,0,0,1,0,0
771,3,0,24.0,9.5,0,1,1,0,0,0,1,0,0,0,1,0,0
772,3,0,48.0,7.8542,0,1,1,0,0,0,1,0,0,0,1,0,0
773,2,1,57.0,10.5,0,1,1,1,0,0,1,0,0,0,0,1,0
774,3,0,30.0,7.225,0,1,0,0,1,0,0,0,0,0,1,0,0
775,2,1,54.0,23.0,4,0,1,0,0,0,1,0,0,0,0,1,1
776,3,0,18.0,7.75,0,1,1,0,0,0,1,0,0,0,1,0,0
777,3,0,30.0,7.75,0,1,0,1,0,1,0,0,0,0,1,0,0
778,3,1,5.0,12.475,0,1,1,0,0,0,1,0,0,1,0,0,1
779,3,0,30.0,7.7375,0,1,0,0,0,1,0,0,0,0,1,0,0
780,1,1,43.0,211.3375,1,0,1,1,0,0,1,0,0,0,0,1,1
781,3,1,13.0,7.2292,0,1,1,0,1,0,0,0,0,1,0,0,1
782,1,1,17.0,57.0,1,0,1,1,0,0,1,0,0,0,0,1,1
783,1,0,29.0,30.0,0,1,1,1,0,0,1,0,0,0,1,0,0
784,3,0,30.0,23.45,3,0,0,0,0,0,1,0,0,0,1,0,0
785,3,0,25.0,7.05,0,1,1,0,0,0,1,0,0,0,1,0,0
786,3,0,25.0,7.25,0,1,1,0,0,0,1,0,0,0,1,0,0
787,3,1,18.0,7.4958,0,1,1,0,0,0,1,0,0,1,0,0,1
788,3,0,8.0,29.125,5,0,1,0,0,1,0,0,1,0,0,0,0
789,3,0,1.0,20.575,3,0,1,0,0,0,1,0,1,0,0,0,1
790,1,0,46.0,79.2,0,1,1,1,1,0,0,0,0,0,1,0,0
791,3,0,30.0,7.75,0,1,0,0,0,1,0,0,0,0,1,0,0
792,2,0,16.0,26.0,0,1,1,0,0,0,1,0,0,0,1,0,0
793,3,1,21.0,69.55,10,0,0,0,0,0,1,0,0,1,0,0,0
794,1,0,30.0,30.6958,0,1,0,0,1,0,0,0,0,0,1,0,0
795,3,0,25.0,7.8958,0,1,1,0,0,0,1,0,0,0,1,0,0
796,2,0,39.0,13.0,0,1,1,0,0,0,1,0,0,0,1,0,0
797,1,1,49.0,25.9292,0,1,1,1,0,0,1,1,0,0,0,0,1
798,3,1,31.0,8.6833,0,1,1,0,0,0,1,0,0,0,0,1,1
799,3,0,30.0,7.2292,0,1,1,0,1,0,0,0,0,0,1,0,0
800,3,1,30.0,24.15,2,0,1,0,0,0,1,0,0,0,0,1,0
801,2,0,34.0,13.0,0,1,1,0,0,0,1,0,0,0,1,0,0
802,2,1,31.0,26.25,2,0,1,0,0,0,1,0,0,0,0,1,1
803,1,0,11.0,120.0,3,0,1,1,0,0,1,0,1,0,0,0,1
804,3,0,0.42,8.5167,1,0,1,0,1,0,0,0,1,0,0,0,1
805,3,0,27.0,6.975,0,1,1,0,0,0,1,0,0,0,1,0,1
806,3,0,31.0,7.775,0,1,1,0,0,0,1,0,0,0,1,0,0
807,1,0,39.0,60.287499999999994,0,1,1,1,0,0,1,0,0,0,1,0,0
808,3,1,18.0,7.775,0,1,1,0,0,0,1,0,0,1,0,0,0
809,2,0,39.0,13.0,0,1,1,0,0,0,1,0,0,0,1,0,0
810,1,1,33.0,53.1,1,0,1,1,0,0,1,0,0,0,0,1,1
811,3,0,26.0,7.8875,0,1,1,0,0,0,1,0,0,0,1,0,0
812,3,0,39.0,24.15,0,1,1,0,0,0,1,0,0,0,1,0,0
813,2,0,35.0,10.5,0,1,1,0,0,0,1,0,0,0,1,0,0
814,3,1,6.0,31.275,6,0,1,0,0,0,1,0,0,1,0,0,0
815,3,0,30.5,8.05,0,1,1,0,0,0,1,0,0,0,1,0,0
816,1,0,30.0,60.287499999999994,0,1,0,1,0,0,1,0,0,0,1,0,0
817,3,1,23.0,7.925,0,1,1,0,0,0,1,0,0,1,0,0,0
818,2,0,31.0,37.0042,2,0,1,0,1,0,0,0,0,0,1,0,0
819,3,0,43.0,6.45,0,1,1,0,0,0,1,0,0,0,1,0,0
820,3,0,10.0,27.9,5,0,1,0,0,0,1,0,1,0,0,0,0
821,1,1,52.0,93.5,2,0,1,1,0,0,1,0,0,0,0,1,1
822,3,0,27.0,8.6625,0,1,1,0,0,0,1,0,0,0,1,0,1
823,1,0,38.0,60.287499999999994,0,1,1,0,0,0,1,1,0,0,0,0,0
824,3,1,27.0,12.475,1,0,1,1,0,0,1,0,0,0,0,1,1
825,3,0,2.0,39.6875,5,0,1,0,0,0,1,0,1,0,0,0,0
826,3,0,30.0,6.95,0,1,0,0,0,1,0,0,0,0,1,0,0
827,3,0,30.0,56.4958,0,1,0,0,0,0,1,0,0,0,1,0,0
828,2,0,1.0,37.0042,2,0,1,0,1,0,0,0,1,0,0,0,1
829,3,0,30.0,7.75,0,1,0,0,0,1,0,0,0,0,1,0,1
830,1,1,62.0,80.0,0,1,1,1,0,0,1,0,0,0,0,1,1
831,3,1,15.0,14.4542,1,0,1,0,1,0,0,0,0,0,0,1,1
832,2,0,0.83,18.75,2,0,1,0,0,0,1,0,1,0,0,0,1
833,3,0,30.0,7.2292,0,1,0,0,1,0,0,0,0,0,1,0,0
834,3,0,23.0,7.8542,0,1,1,0,0,0,1,0,0,0,1,0,0
835,3,0,18.0,8.3,0,1,1,0,0,0,1,0,0,0,1,0,0
836,1,1,39.0,83.1583,2,0,1,1,1,0,0,0,0,1,0,0,1
837,3,0,21.0,8.6625,0,1,1,0,0,0,1,0,0,0,1,0,0
838,3,0,30.0,8.05,0,1,0,0,0,0,1,0,0,0,1,0,0
839,3,0,32.0,56.4958,0,1,1,0,0,0,1,0,0,0,1,0,1
840,1,0,30.0,29.7,0,1,0,1,1,0,0,0,0,0,1,0,1
841,3,0,20.0,7.925,0,1,1,0,0,0,1,0,0,0,1,0,0
842,2,0,16.0,10.5,0,1,1,0,0,0,1,0,0,0,1,0,0
843,1,1,30.0,31.0,0,1,1,0,1,0,0,0,0,1,0,0,1
844,3,0,34.5,6.4375,0,1,1,0,1,0,0,0,0,0,1,0,0
845,3,0,17.0,8.6625,0,1,1,0,0,0,1,0,0,0,1,0,0
846,3,0,42.0,7.55,0,1,1,0,0,0,1,0,0,0,1,0,0
847,3,0,30.0,69.55,10,0,0,0,0,0,1,0,0,0,1,0,0
848,3,0,35.0,7.8958,0,1,1,0,1,0,0,0,0,0,1,0,0
849,2,0,28.0,33.0,1,0,1,0,0,0,1,1,0,0,0,0,0
850,1,1,35.0,89.1042,1,0,0,1,1,0,0,0,0,0,0,1,1
851,3,0,4.0,31.275,6,0,1,0,0,0,1,0,1,0,0,0,0
852,3,0,74.0,7.775,0,1,1,0,0,0,1,0,0,0,1,0,0
853,3,1,9.0,15.2458,2,0,1,0,1,0,0,0,0,1,0,0,0
854,1,1,16.0,39.4,1,0,1,1,0,0,1,0,0,1,0,0,1
855,2,1,44.0,26.0,1,0,1,0,0,0,1,0,0,0,0,1,0
856,3,1,18.0,9.35,1,0,1,0,0,0,1,0,0,0,0,1,1
857,1,1,45.0,164.8667,2,0,1,0,0,0,1,0,0,0,0,1,1
858,1,0,51.0,26.55,0,1,1,1,0,0,1,0,0,0,1,0,1
859,3,1,24.0,19.2583,3,0,1,0,1,0,0,0,0,0,0,1,1
860,3,0,30.0,7.2292,0,1,0,0,1,0,0,0,0,0,1,0,0
861,3,0,41.0,14.1083,2,0,1,0,0,0,1,0,0,0,1,0,0
862,2,0,21.0,11.5,1,0,1,0,0,0,1,0,0,0,1,0,0
863,1,1,48.0,25.9292,0,1,1,1,0,0,1,0,0,0,0,1,1
864,3,1,21.0,69.55,10,0,0,0,0,0,1,0,0,1,0,0,0
865,2,0,24.0,13.0,0,1,1,0,0,0,1,0,0,0,1,0,0
866,2,1,42.0,13.0,0,1,1,0,0,0,1,0,0,0,0,1,1
867,2,1,27.0,13.8583,1,0,1,0,1,0,0,0,0,1,0,0,1
868,1,0,31.0,50.4958,0,1,1,1,0,0,1,0,0,0,1,0,0
869,3,0,30.0,9.5,0,1,0,0,0,0,1,0,0,0,1,0,0
870,3,0,4.0,11.1333,2,0,1,0,0,0,1,0,1,0,0,0,1
871,3,0,26.0,7.8958,0,1,1,0,0,0,1,0,0,0,1,0,0
872,1,1,47.0,52.5542,2,0,1,1,0,0,1,0,0,0,0,1,1
873,1,0,33.0,5.0,0,1,1,1,0,0,1,0,0,0,1,0,0
874,3,0,47.0,9.0,0,1,1,0,0,0,1,0,0,0,1,0,0
875,2,1,28.0,24.0,1,0,1,0,1,0,0,0,0,0,0,1,1
876,3,1,15.0,7.225,0,1,1,0,1,0,0,0,0,1,0,0,1
877,3,0,20.0,9.8458,0,1,1,0,0,0,1,0,0,0,1,0,0
878,3,0,19.0,7.8958,0,1,1,0,0,0,1,0,0,0,1,0,0
879,3,0,30.0,7.8958,0,1,0,0,0,0,1,0,0,0,1,0,0
880,1,1,56.0,83.1583,1,0,1,1,1,0,0,0,0,0,0,1,1
881,2,1,25.0,26.0,1,0,1,0,0,0,1,0,0,0,0,1,1
882,3,0,33.0,7.8958,0,1,1,0,0,0,1,0,0,0,1,0,0
883,3,1,22.0,10.5167,0,1,1,0,0,0,1,0,0,1,0,0,0
884,2,0,28.0,10.5,0,1,1,0,0,0,1,0,0,0,1,0,0
885,3,0,25.0,7.05,0,1,1,0,0,0,1,0,0,0,1,0,0
886,3,1,39.0,29.125,5,0,1,0,0,1,0,0,0,0,0,1,0
887,2,0,27.0,13.0,0,1,1,0,0,0,1,1,0,0,0,0,0
888,1,1,19.0,30.0,0,1,1,1,0,0,1,0,0,1,0,0,1
889,3,1,21.0,23.45,3,0,0,0,0,0,1,0,0,1,0,0,0
890,1,0,26.0,30.0,0,1,1,1,1,0,0,0,0,0,1,0,1
891,3,0,32.0,7.75,0,1,1,0,0,1,0,0,0,0,1,0,0
